community_area,disposable_income,discretionary_consumption,accessibility,decision_rationale,vote
Rogers Park,"Rogers Park has a diverse population with varying income levels, but generally, it is a middle-income area. Many residents may not have a high disposable income, so affordability is a key concern.","Residents in Rogers Park have moderate discretionary spending. They prioritize essential goods and services, and any increase in transportation costs could impact their ability to spend on other necessities.","Rogers Park is well-served by public transit, including the CTA Red Line and several bus routes. Many residents rely on public transit for commuting and daily activities, making transit affordability and efficiency crucial.","Given the moderate disposable income and reliance on public transit, policies with lower transit fares and moderate sales taxes are preferred to maintain affordability. A moderate driver fee is acceptable if it significantly reduces travel time and congestion, benefiting both drivers and transit users. The goal is to balance affordability with improved transit services and reduced congestion.","[1, 2, 10, 11, 19]"
West Ridge,"West Ridge has a moderate level of disposable income, with a diverse population including middle-income families and a significant number of low-income households.","The community has a balanced discretionary consumption pattern, with residents spending on essentials and some discretionary items, but with limited flexibility for significant increases in transportation costs.","West Ridge has moderate accessibility to public transit, with some reliance on driving. Improving transit times could benefit the community, but cost increases need to be carefully managed to avoid burdening low-income residents.","Given the moderate disposable income and the need to balance costs, proposals with lower fares and moderate driver fees are preferred to encourage transit use without significantly increasing costs. A lower sales tax is also preferred to minimize the impact on discretionary spending. Proposals that improve transit times without drastically increasing costs are prioritized.","[1, 2, 4, 5, 10]"
Uptown,"Uptown is a diverse community with a mix of income levels. There are both high-income residents and lower-income residents, with a significant portion of the population being middle-income. This means that any increase in costs, whether through fares, fees, or taxes, could have varying impacts on different segments of the community.","Uptown residents have a moderate level of discretionary consumption. While some residents can absorb additional costs, others may find it challenging. Therefore, policies that minimize additional financial burdens while improving services are preferable.","Uptown has good access to public transit, with several bus and train lines serving the area. However, travel times can be long, and improvements in transit efficiency would be beneficial. Many residents rely on public transit, but there is also a significant number of car owners.","Given the diverse income levels and reliance on public transit in Uptown, policies that reduce transit fares and improve travel times are prioritized. A lower sales tax is preferred to minimize the financial burden on residents. Driver fees are acceptable if they significantly improve transit times, as this could encourage a shift from driving to transit, reducing congestion and emissions. Therefore, proposals with a $0.75 fare, a 0.5% or 1.0% tax, and a $0.5 or $1.0 driver fee are favored, as they balance cost with improved transit service.","[1, 2, 10, 11, 19, 20]"
Lincoln Square,"Lincoln Square is a middle-income community with a mix of families and young professionals. The community has a moderate level of disposable income, which means residents are sensitive to increases in costs that could affect their overall budget.","Residents in Lincoln Square enjoy a variety of local amenities, dining, and cultural activities. They value having disposable income for these discretionary activities, so policies that significantly reduce their spending power may not be favorable.","Lincoln Square has good access to public transportation, including buses and the CTA Brown Line. Many residents rely on public transit for commuting, but there is also a significant number of car owners. Reducing travel time and improving transit services are important for the community.","Given the community's moderate disposable income and reliance on both public transit and cars, policies that balance cost with improved transit services are preferred. Lower transit fares and moderate driver fees can encourage transit use without overly burdening car users. A moderate sales tax is acceptable if it leads to better transit services, as long as it doesn't significantly impact discretionary spending. Therefore, policies with a 1% sales tax, lower transit fares, and moderate driver fees are prioritized to improve transit times and services while maintaining affordability.","[10, 11, 13, 14, 19, 20, 22, 23]"
North Center,"North Center is a relatively affluent community with a higher median household income compared to the city average. Residents generally have more disposable income, which allows for some flexibility in absorbing additional costs from taxes or fees.","Given the higher income levels, residents in North Center likely have higher discretionary spending on non-essential goods and services. However, they may still be sensitive to significant increases in costs that could impact their lifestyle.","North Center has good access to public transportation, with several CTA bus and train lines serving the area. The community is also car-friendly, with many residents owning vehicles. Therefore, both transit and driving options are important for residents.","Considering the community's higher disposable income, a moderate increase in sales tax and driving fees could be acceptable if it leads to improved transit services and reduced congestion. Lower transit fares would benefit those who rely on public transportation, while moderate driving fees could encourage a shift from driving to transit, reducing congestion. Proposals with a 1% sales tax strike a balance between funding transit improvements and maintaining discretionary spending. A driving fee of $0.50 is reasonable to encourage transit use without overly burdening drivers. Transit fares at $0.75 or $1.25 are preferred to keep public transportation affordable.","[10, 11, 13, 14, 19, 20, 22, 23]"
Lake View,Lake View is a relatively affluent community with a higher than average disposable income compared to other areas in Chicago. Residents can generally afford moderate increases in taxes and fees if it results in improved services.,"Residents in Lake View have a higher level of discretionary consumption, spending on dining, entertainment, and other non-essential goods and services. They are likely to be sensitive to changes in disposable income that affect their lifestyle.","Lake View has good access to public transportation, with several CTA train lines and bus routes. Many residents rely on public transit for commuting, but there is also a significant number of car owners.","Given the higher disposable income and reliance on public transit, Lake View residents would benefit from policies that improve transit services even if it means a slight increase in costs. However, the community would prefer to avoid the highest tax rates to maintain discretionary spending. Policies that reduce travel time for both transit and driving are preferred, as they enhance overall accessibility and convenience. Therefore, policies with moderate taxes and fees that significantly improve transit times are prioritized.","[1, 2, 4, 5, 10, 11, 13, 14, 19, 20, 22, 23]"
Lincoln Park,"Lincoln Park is a relatively affluent community with higher than average disposable income levels, allowing residents to absorb moderate increases in costs such as transit fares and driver fees.","Residents in Lincoln Park have a higher level of discretionary consumption, meaning they can afford to spend more on non-essential goods and services. This suggests a capacity to handle slight increases in sales tax if it results in improved transit services.","Lincoln Park has good accessibility to resources and services, with a well-connected public transit system. However, reducing travel times and improving transit services would be beneficial, especially if it encourages a shift from driving to public transit.","Given the higher disposable income and discretionary consumption, Lincoln Park can support moderate increases in transit fares and driver fees if they lead to significant improvements in transit times and services. A balanced approach with a moderate sales tax increase is acceptable if it results in better transit infrastructure. Proposals with a $0.75 fare and a $0.5 driver fee are preferred as they offer a good balance between cost and service improvement. A 1% sales tax is acceptable, but 1.5% is less favorable unless it results in substantial transit time reductions.","[1, 2, 10, 11, 13, 14, 19, 20, 22, 23]"
Near North Side,"The Near North Side is one of the more affluent areas in Chicago, with a higher average disposable income compared to other communities. Residents can generally afford higher costs associated with transportation, but they still value cost-effectiveness.","Residents in the Near North Side have a higher level of discretionary consumption, spending on dining, entertainment, and luxury goods. They are likely to prioritize policies that do not significantly impact their ability to maintain this lifestyle.","The Near North Side has excellent access to public transportation, with multiple transit lines and bus routes. Many residents rely on public transit for commuting, but there is also a significant number of car owners who value reduced congestion and travel times.","Given the higher disposable income and discretionary consumption, the community can support moderate increases in transit fares and driver fees if it leads to improved transit services and reduced congestion. A balanced approach with moderate sales tax and driver fees, along with reasonable transit fares, would be ideal. Policies that significantly reduce travel time for both transit and driving while maintaining a reasonable cost are prioritized. Therefore, proposals with a 1% sales tax, moderate driver fees, and transit fares that do not exceed the current fare are preferred.","[10, 13, 14, 19, 22]"
Edison Park,"Edison Park is a relatively affluent community with a higher median household income compared to other areas in Chicago. Residents generally have more disposable income, which allows for some flexibility in absorbing additional costs from taxes or fees.","Given the higher income levels, residents of Edison Park likely have higher discretionary spending on goods and services. However, they may still be sensitive to significant increases in costs that could impact their lifestyle.","Edison Park has decent access to public transportation, but many residents rely on driving due to the suburban nature of the area. Reducing driving times and improving transit efficiency could be beneficial, but not at the expense of significantly higher costs.","Considering the community's higher disposable income, a moderate increase in sales tax and driving fees could be acceptable if it leads to improved transit services and reduced congestion. However, maintaining a balance is crucial to avoid excessive financial burden. Proposals with a 1% sales tax and moderate driving fees are preferred, as they offer a compromise between cost and improved service. Lower transit fares are also favorable to encourage public transit use without significantly impacting discretionary spending.","[10, 13, 14, 19, 22]"
Norwood Park,"Norwood Park is a middle to upper-middle-income community with a relatively high level of disposable income compared to other areas in Chicago. Residents can generally afford moderate increases in transportation costs, but significant increases could impact their discretionary spending.","Residents in Norwood Park have a moderate to high level of discretionary consumption. They value quality of life, including spending on leisure, dining, and other non-essential goods and services. Therefore, policies that significantly reduce disposable income might be less favorable.","Norwood Park has decent access to public transportation, but many residents rely on driving due to the suburban nature of the area. Reducing driving times and improving transit efficiency could be beneficial, but not at the expense of significantly higher costs.","Given the community's relatively high disposable income and reliance on both driving and transit, policies that balance moderate costs with improved transit times are preferred. A lower sales tax is favored to maintain discretionary spending. Moderate driving fees are acceptable if they lead to significant reductions in travel time, as this could encourage a shift to transit and reduce congestion. Lower transit fares are preferred to encourage public transportation use without significantly impacting disposable income.","[1, 2, 4, 5, 10, 11, 13, 14, 19, 20, 22, 23]"
Jefferson Park,"Jefferson Park is a middle-income community with a mix of working-class and middle-class residents. The community has a relatively stable economic base, with many residents employed in various sectors across the city.","Residents in Jefferson Park have moderate discretionary spending power. They are likely to be sensitive to increases in transportation costs, as these could impact their ability to spend on other goods and services.","Jefferson Park has good access to public transportation, including the CTA Blue Line and several bus routes. However, many residents also rely on cars for commuting, given the community's location and the need to travel to different parts of the city for work and other activities.","Given the community's moderate income levels and reliance on both public transit and driving, policies that balance affordability with improved transit services are preferred. Lower transit fares and moderate driver fees could encourage more residents to use public transit, reducing congestion and emissions. A moderate sales tax is acceptable if it significantly improves transit services, but it should not overly burden residents' discretionary spending. Therefore, proposals with lower fares and moderate driver fees, combined with a reasonable sales tax, are prioritized.","[1, 4, 10, 13, 19]"
Forest Glen,"Forest Glen is a relatively affluent community with a higher median household income compared to the city average. Residents generally have more disposable income, which allows for some flexibility in absorbing additional costs from taxes or fees.","Given the higher income levels, residents in Forest Glen likely have higher discretionary spending on goods and services. However, they may still be sensitive to significant increases in costs that could impact their lifestyle.","Forest Glen has good access to public transportation, with Metra and CTA services available. However, many residents also rely on personal vehicles for commuting, given the suburban nature of the area.","Considering the community's higher disposable income, a moderate increase in sales tax and driving fees could be acceptable if it leads to improved transit services and reduced congestion. Lower transit fares would benefit those who rely on public transportation, while moderate driving fees could encourage a shift from driving to transit, reducing congestion. Therefore, proposals with a balance of moderate taxes, reasonable transit fares, and driving fees that improve transit times and reduce car travel times are preferred.","[1, 4, 10, 13, 19]"
North Park,"North Park is a middle-income community with a moderate level of disposable income. Residents are sensitive to changes in transportation costs, but they can accommodate slight increases if it leads to better services.","The community has a balanced discretionary consumption pattern, with residents spending on a variety of goods and services. They are likely to be cautious about policies that significantly reduce their disposable income.","North Park has decent access to public transit, but improvements in transit times and services would be beneficial. Many residents rely on both driving and public transit, so policies that improve transit without drastically increasing costs are preferred.","Given the community's moderate income and balanced consumption, policies with lower fares and moderate taxes are preferred to maintain affordability. A slight increase in driver fees is acceptable if it significantly improves transit times, as this could encourage a shift from driving to transit, reducing congestion and emissions. Policies with a 0.5% or 1% tax rate, lower fares, and moderate driver fees are prioritized to balance cost and service improvements.","[1, 2, 4, 5, 10, 11, 13, 14]"
Albany Park,"Albany Park is a diverse community with a mix of income levels. Many residents are middle to lower-middle income, with a significant portion of the population being immigrants and working-class families. Disposable income is moderate, and residents are sensitive to increases in living costs.","Given the moderate disposable income, discretionary spending is limited. Residents prioritize essential expenses such as housing, food, and education. Any increase in transportation costs could significantly impact their budget.","Albany Park has decent access to public transportation, with several bus routes and the Brown Line serving the area. However, travel times can be long, and improvements in transit efficiency would be beneficial. Car ownership is moderate, and many residents rely on public transit for commuting.","Considering the moderate disposable income and limited discretionary spending, policies with lower transit fares and minimal increases in sales tax are preferred. Reducing travel time is also a priority to improve accessibility. Therefore, policies with a balance of lower fares, moderate taxes, and reasonable driving fees that lead to reduced travel times are favored. The community would benefit from improved transit services without significant increases in overall costs.","[1, 2, 10, 11, 19]"
Portage Park,"Portage Park is a middle-income community with a moderate level of disposable income. Residents are sensitive to changes in transportation costs, but they can accommodate slight increases if it leads to better services.","The community has a balanced discretionary consumption pattern, with residents spending on a mix of necessities and leisure activities. Any increase in transportation costs should not significantly impact their ability to maintain this balance.","Portage Park has decent access to public transit, but improvements in transit times and services would be beneficial. Many residents rely on both driving and public transit, so policies that improve transit without significantly increasing costs are preferred.","Given the community's moderate income and balanced consumption, policies with lower fares and moderate taxes are preferred to maintain affordability. A slight increase in driving fees is acceptable if it leads to reduced congestion and better transit services. Policies that improve transit times without drastically increasing costs are prioritized.","[1, 2, 10, 11, 13]"
Irving Park,"Irving Park is a middle-income community with a mix of working-class and middle-class residents. The disposable income is moderate, meaning residents are sensitive to increases in costs that could affect their budget for essential and discretionary spending.","Residents in Irving Park have moderate discretionary spending. They value affordability in transportation to maintain their lifestyle, which includes dining, entertainment, and other leisure activities.","Irving Park has decent access to public transit, with several bus lines and a nearby CTA Blue Line station. However, many residents also rely on cars for commuting, so both transit and driving options are important.","Given the moderate disposable income and discretionary consumption, policies with lower fares and taxes are preferred to minimize financial strain. However, improving transit times is also important to encourage public transit use. Balancing these factors, proposals with a $0.75 fare and moderate driver fees are prioritized, as they offer improved transit times without significantly increasing costs. A 1% sales tax is acceptable if it results in better transit services, but a 1.5% tax is too high given the community's income level.","[1, 2, 10, 11, 19, 20]"
Dunning,"Dunning is a middle-income community area with a moderate level of disposable income. Residents are sensitive to changes in transportation costs, but they can absorb moderate increases if they lead to significant improvements in service or accessibility.","The community has a balanced level of discretionary consumption, with residents spending on a variety of goods and services. Any increase in transportation costs should be justified by tangible benefits in terms of reduced travel time or improved service quality.","Dunning has moderate accessibility to resources and services. Public transit is used by a portion of the community, but many residents rely on driving. Improvements in transit times could encourage more residents to switch from driving to public transit, reducing congestion and emissions.","Given the community's moderate disposable income and balanced discretionary consumption, proposals with lower fares and moderate driver fees are preferred to encourage transit use without significantly impacting residents' budgets. A moderate sales tax is acceptable if it leads to better transit services. Proposals that significantly reduce travel times for both transit and driving are prioritized, as they offer the most benefit to the community by improving accessibility and reducing congestion.","[1, 4, 10, 13, 19]"
Montclare,"Montclare is a middle-income community with a moderate level of disposable income. Residents are sensitive to increases in costs, whether through taxes, fares, or fees.","The community has a balanced discretionary consumption pattern, with residents spending on essentials and some non-essential goods and services. Any increase in transportation costs could impact their ability to maintain this balance.","Montclare has moderate accessibility to resources and services. Public transit is used by a portion of the community, but many residents rely on driving due to the suburban nature of the area.","Given the moderate disposable income and balanced discretionary consumption, policies with lower fares and taxes are preferred to minimize financial strain. However, improving transit times is also important to enhance accessibility. Therefore, policies that offer a balance between cost and improved transit times are prioritized. A moderate driver fee is acceptable if it significantly reduces car travel time and improves transit service, as this could encourage a shift from driving to transit, reducing congestion and emissions.","[1, 4, 10, 13, 19]"
Belmont Cragin,"Belmont Cragin is a middle-income community with a significant portion of residents working in blue-collar jobs. The community has a moderate level of disposable income, which means that any increase in transportation costs could impact their budget for other essential expenses.","Residents in Belmont Cragin have limited discretionary spending due to their moderate income levels. They prioritize essential goods and services, so any increase in transportation costs could reduce their ability to spend on non-essential items.","Belmont Cragin has moderate access to public transit, with some residents relying on buses and trains for commuting. Car ownership is relatively high, but traffic congestion can be an issue. Improving transit times and reducing congestion would benefit the community.","Given the moderate disposable income and limited discretionary spending, policies with lower transit fares and moderate driver fees are preferred to minimize the financial burden on residents. A moderate sales tax is acceptable if it significantly improves transit services. Reducing travel times for both transit and driving is crucial to enhance accessibility. Therefore, policies that balance lower costs with improved transit times and reduced congestion are prioritized.","[1, 2, 10, 11, 19]"
Hermosa,"Hermosa is a working-class neighborhood with moderate disposable income levels. Residents are sensitive to increases in costs, whether through taxes, fares, or fees.","The community prioritizes essential spending, with limited room for discretionary consumption. Any increase in transportation costs could significantly impact their budget for other necessities.","Hermosa has moderate access to public transit, with many residents relying on it for commuting. Improving transit times and maintaining affordable fares are crucial for the community.","Given Hermosa's moderate income levels and reliance on public transit, policies that maintain or reduce transit fares while improving service times are prioritized. A lower sales tax is preferred to minimize the impact on disposable income. Driver fees are acceptable if they significantly improve transit times, as this could encourage a shift from driving to transit, reducing congestion and emissions. The community is willing to accept a moderate increase in driver fees if it results in substantial transit improvements.","[1, 2, 10, 11, 19]"
Avondale,"Avondale is a diverse community with a mix of income levels. The median household income is moderate, suggesting that residents are sensitive to increases in costs, whether through taxes, fares, or fees.","Residents in Avondale have a moderate level of discretionary spending. They are likely to be cautious about policies that significantly increase their cost of living, such as higher sales taxes or transit fares.","Avondale has decent access to public transit, with several bus and train lines serving the area. However, travel times by transit are longer compared to driving, which may influence residents' preferences for policies that improve transit efficiency.","Given the moderate income levels and sensitivity to cost increases, Avondale would likely favor policies that minimize additional financial burdens while improving transit efficiency. Lower fares and moderate driver fees could encourage transit use without significantly impacting disposable income. A moderate sales tax could be acceptable if it leads to noticeable improvements in transit service. Therefore, policies with lower fares and moderate driver fees, combined with a moderate sales tax, are preferred.","[1, 4, 10, 13, 19]"
Logan Square,"Logan Square is a diverse community with a mix of income levels. While there are affluent areas, there are also parts of the community with lower income levels. The community has a significant number of young professionals and families, which suggests a moderate level of disposable income overall.","Residents in Logan Square tend to spend on dining, entertainment, and cultural activities, reflecting a vibrant local culture. However, affordability is a concern for many, especially with rising living costs.","Logan Square has good access to public transit, including the Blue Line, which is a major asset for commuting to downtown Chicago. However, traffic congestion can be an issue, and parking is often limited. Many residents rely on a mix of public transit and driving.","Given the moderate disposable income and the importance of affordable transit options, policies with lower transit fares are preferred. A moderate sales tax is acceptable if it significantly improves transit services, as many residents rely on public transportation. Driver fees are less favorable due to the mixed reliance on cars, but a small fee could be acceptable if it leads to reduced congestion and better transit. Therefore, policies with a balance of lower fares, moderate taxes, and minimal driver fees are prioritized.","[1, 4, 10, 13, 19]"
Humboldt Park,"Humboldt Park has a moderate to low average disposable income, with many residents relying on affordable transportation options.","Residents prioritize essential spending, with limited discretionary income available for non-essential goods and services.","The community has moderate access to public transit, but improvements in transit times and affordability could significantly benefit residents who rely on public transportation.","Given the moderate to low disposable income, policies with lower transit fares and moderate sales tax rates are preferred to minimize the financial burden on residents. Additionally, policies that improve transit times without significantly increasing costs are prioritized. A balance between affordable transit fares and reasonable driver fees is essential to encourage public transit use while maintaining accessibility for those who drive. Policies with a 0.5% or 1.0% sales tax and a $0.75 or $1.25 transit fare, combined with a $0.5 driver fee, offer a good balance of affordability and improved transit service.","[1, 2, 4, 5, 10, 11, 13, 14]"
West Town,"West Town is a diverse community with a mix of income levels, but generally has a moderate to high disposable income due to its proximity to downtown Chicago and a growing number of young professionals and families.","Residents in West Town tend to have a higher level of discretionary consumption, with spending on dining, entertainment, and retail being common. The community values quality of life and convenience.","West Town has good accessibility to public transit, with several bus routes and train lines serving the area. However, traffic congestion can be an issue, making efficient transit options important for residents.","Given the moderate to high disposable income, West Town residents can afford a slight increase in transit fares and driver fees if it results in significantly improved transit services and reduced travel times. A lower sales tax is preferred to maintain discretionary spending. Policies that reduce car travel time and improve transit efficiency are prioritized, as they align with the community's preference for convenience and quality of life. Therefore, proposals with a balance of moderate fare and driver fees, along with a lower sales tax, are favored.","[1, 2, 4, 5, 10, 11, 13, 14, 19, 20, 22, 23]"
Austin,"Austin is a community with a relatively lower median household income compared to the city average. Many residents may have limited disposable income, making affordability a key concern.","Given the lower income levels, discretionary spending is likely constrained. Residents prioritize essential expenses, so any increase in transportation costs could significantly impact their budget.","Austin has moderate access to public transit, but improvements in transit service could enhance accessibility. Many residents rely on public transportation, so policies that improve transit times and affordability are crucial.","Considering Austin's lower disposable income and constrained discretionary spending, policies with lower transit fares and minimal tax increases are preferred. Improved transit times are also important to enhance accessibility. Therefore, policies with a $0.75 fare and a 0.5% or 1.0% tax rate are prioritized, as they balance affordability and service improvement. Driver fees are acceptable if they significantly reduce car travel times, encouraging a shift to public transit.","[1, 2, 10, 11, 19, 20]"
West Garfield Park,West Garfield Park is a lower-income community with limited disposable income. Many residents rely on public transportation due to the high cost of car ownership.,"Given the limited disposable income, discretionary consumption is low. Residents prioritize essential expenses such as housing, food, and utilities.","Public transportation is a critical mode of transport for residents, but current transit times are long. Improving transit efficiency is important, but affordability must be maintained.","The community needs affordable transit options with improved service times. Lower fares and moderate driver fees can encourage transit use without significantly impacting disposable income. A lower sales tax is preferred to minimize the impact on essential consumption. Therefore, policies with a $0.75 fare, moderate driver fees, and a 0.5% or 1% sales tax are prioritized to balance affordability and service improvement.","[1, 2, 10, 11, 19, 20]"
East Garfield Park,East Garfield Park is a community with relatively low disposable income. Many residents may rely on public transportation due to limited financial resources for car ownership and maintenance.,"Given the lower disposable income, discretionary consumption is limited. Residents prioritize essential expenses, and any increase in transportation costs could significantly impact their budget.","Public transportation is crucial for residents to access jobs, education, and services. Improving transit times and maintaining affordable fares are important for the community's accessibility.","Considering the low disposable income and limited discretionary consumption, policies with lower transit fares and minimal sales tax increases are preferred. A moderate driver fee could be acceptable if it significantly improves transit times, as many residents rely on public transportation. The goal is to enhance transit accessibility without imposing a heavy financial burden on residents.","[1, 2, 10, 11, 19]"
Near West Side,"The Near West Side has a diverse population with varying income levels, including students, professionals, and lower-income residents. The disposable income varies significantly, but there is a substantial portion of the population that may be sensitive to increases in transportation costs.","Given the mixed-income nature of the community, discretionary spending is varied. However, many residents prioritize essential goods and services, and any increase in transportation costs could impact their ability to spend on non-essential items.","The Near West Side is well-served by public transit, with access to multiple bus and train lines. However, travel times can be long, and improvements in transit efficiency would be beneficial. Car ownership is moderate, and reducing congestion and travel times for drivers is also important.","The community would benefit from policies that improve transit efficiency and reduce travel times without significantly increasing costs. A lower transit fare would be beneficial for residents who rely on public transportation. Moderate driver fees could help reduce congestion and improve transit times. A balanced approach with a moderate sales tax would ensure transit services are adequately funded without overly burdening residents. Therefore, policies with lower fares, moderate driver fees, and moderate sales taxes are prioritized.","[1, 4, 10, 13, 19]"
North Lawndale,"North Lawndale has a relatively low average disposable income compared to other areas in Chicago. Many residents may be sensitive to increases in costs related to transportation, such as higher fares or driver fees.","Given the lower disposable income, discretionary consumption is likely limited. Residents may prioritize essential goods and services over discretionary spending, making them sensitive to any policy that significantly increases their transportation costs.","North Lawndale has moderate access to public transit, but improvements in transit times could significantly benefit residents who rely on public transportation. However, any increase in costs must be carefully weighed against the benefits of reduced travel times.","The community would benefit from policies that improve transit times without significantly increasing costs. Lower fares and moderate driver fees could encourage more residents to use public transit, reducing congestion and emissions. A lower sales tax would also be preferable to minimize the impact on disposable income. Therefore, policies with a $0.75 fare and a $0.5 driver fee, combined with a 0.5% or 1.0% sales tax, are likely to be the most beneficial for North Lawndale.","[1, 10, 19]"
South Lawndale,"South Lawndale has a relatively low median household income compared to other areas in Chicago, which means residents have limited disposable income.","Given the lower income levels, discretionary spending is likely constrained, with a focus on essential goods and services.","South Lawndale has moderate access to public transit, but improvements in transit services could significantly benefit the community by providing better access to jobs and services.","Considering the limited disposable income, policies with lower transit fares and minimal increases in sales tax are preferred to minimize the financial burden on residents. Additionally, policies that improve transit times without significantly increasing costs are prioritized to enhance accessibility. Therefore, proposals with a $0.75 fare and a 0.5% or 1.0% sales tax, combined with a $0.5 or $1.0 driving fee, are favored as they balance cost and service improvements.","[1, 2, 10, 11, 19, 20]"
Lower West Side,"The Lower West Side community area has a moderate to low average disposable income, with many residents working in service and manufacturing sectors. This means that any increase in transportation costs could significantly impact their budget.","Residents in the Lower West Side have limited discretionary spending, focusing primarily on essential goods and services. Therefore, policies that increase costs for transportation could reduce their ability to spend on other necessities.","The Lower West Side has decent access to public transit, but travel times are relatively long compared to driving. Improving transit times without significantly increasing costs would be beneficial for the community.","Given the moderate to low disposable income and limited discretionary spending, policies with lower fares and taxes are preferred to minimize financial strain. However, improving transit times is also crucial. Therefore, policies that balance lower costs with improved transit times are prioritized. A moderate driver fee is acceptable if it significantly reduces congestion and improves transit times, as many residents rely on public transportation.","[1, 2, 10, 11, 19]"
Loop,"The Loop is a central business district with a mix of high-income professionals and lower-income service workers. Disposable income varies significantly, but there is a substantial portion of residents with higher disposable income.","Residents in the Loop have a high level of discretionary consumption due to the presence of numerous dining, entertainment, and shopping options. However, the cost of living is also high, which can impact discretionary spending.","The Loop has excellent accessibility to resources and services, with extensive public transit options including buses and trains. Car ownership is less common due to the availability of public transit and the high cost of parking.","Given the Loop's strong public transit infrastructure and the presence of high-income residents, policies that enhance transit services while maintaining reasonable costs are preferred. A lower transit fare and moderate driver fees can encourage transit use and reduce congestion. A moderate sales tax is acceptable if it significantly improves transit services, as many residents can absorb the cost. Therefore, policies with a $0.75 fare and a $0.5 driver fee, combined with a 1% or 1.5% sales tax, are prioritized to balance cost and service improvement.","[10, 11, 19, 20]"
Near South Side,"The Near South Side is a diverse area with a mix of income levels, but generally has a higher average income compared to other areas in Chicago. Residents may have more disposable income to allocate towards transportation costs.","Given the higher average income, residents may have more discretionary spending, allowing for flexibility in absorbing additional costs from transportation policies.","The Near South Side has good access to public transit options, including buses and trains, making it feasible for residents to switch from driving to transit if incentivized properly.","Considering the higher disposable income and discretionary consumption, the community can absorb moderate increases in transit fares and driver fees if it results in improved transit services and reduced travel times. A balance between tax rates and fare/fee structures is crucial to ensure that the community benefits from enhanced transit services without overly burdening residents. Policies that reduce travel time significantly while maintaining reasonable costs are prioritized. Therefore, policies with moderate to high driver fees and moderate transit fares, coupled with a balanced tax rate, are preferred to encourage a shift from driving to transit, reduce congestion, and improve overall transit service quality.","[1, 2, 4, 5, 10, 11, 13, 14, 19, 20, 22, 23]"
Armour Square,"Armour Square has a moderate level of disposable income, with a mix of middle-income and lower-income households. Residents are sensitive to changes in transportation costs, as these can impact their overall budget for essential and discretionary spending.","The community has a moderate level of discretionary consumption, with residents spending on a variety of goods and services. However, any increase in transportation costs could reduce their ability to spend on non-essential items.","Armour Square has decent access to public transit, with several bus and train lines serving the area. However, travel times by transit are relatively long compared to driving, which is a concern for residents who rely on public transportation for commuting and accessing services.","Given the moderate disposable income and sensitivity to cost increases, policies with lower fares and taxes are preferred to minimize the financial burden on residents. Additionally, reducing travel times by transit is important to improve accessibility. Therefore, policies that balance lower costs with improved transit times are prioritized. A moderate driver fee is acceptable if it significantly reduces congestion and transit times, benefiting those who rely on public transportation.","[1, 2, 10, 11, 19]"
Douglas,"Douglas is a diverse community with a mix of income levels, but generally has a moderate to low average disposable income. Many residents may be sensitive to increases in costs related to transportation, such as higher fares or fees.","Given the moderate to low disposable income, discretionary consumption is likely limited. Residents may prioritize essential goods and services, making them sensitive to changes in transportation costs that could impact their budget for other necessities.","Douglas has decent access to public transit, with several bus and train lines serving the area. However, travel times by transit are relatively long compared to driving, which may influence residents' preferences for policies that improve transit efficiency and affordability.","Considering the moderate to low disposable income and limited discretionary consumption, policies with lower transit fares and minimal increases in sales tax and driving fees are preferred. These policies would help maintain affordability while potentially improving transit services. Additionally, reducing travel times by transit is important to enhance accessibility. Therefore, policies with a $0.75 fare and moderate driving fees, which also reduce travel times, are prioritized. A balance between improving transit services and maintaining affordability is crucial for the Douglas community.","[1, 2, 10, 11, 19, 20]"
Oakland,"Oakland is a community with moderate to low disposable income levels. Many residents may be sensitive to increases in transportation costs, whether through fares, fees, or taxes.","Given the moderate to low disposable income, discretionary consumption is likely limited. Residents may prioritize essential goods and services over discretionary spending.","Oakland has moderate access to public transit, but improvements in transit service could significantly benefit the community. Reducing travel times and costs would be advantageous.","Considering the community's moderate to low disposable income, it is important to keep transit fares and driving fees low to avoid burdening residents financially. A lower sales tax is also preferable to maintain discretionary spending. However, improving transit accessibility and reducing travel times is crucial. Therefore, proposals with lower fares and fees, and moderate improvements in travel times, are prioritized. Proposals with a 0.5% sales tax and $0.75 fare are favored, as they offer a balance between cost and improved transit service. Proposals with a $0.5 driving fee are also considered to encourage transit use and reduce congestion.","[1, 2, 10, 11, 19, 20]"
Fuller Park,"Fuller Park is one of the lower-income areas in Chicago, with limited disposable income among residents. Many residents rely on affordable transportation options.","Given the lower income levels, discretionary consumption is limited. Residents prioritize essential expenses, making affordability a key concern in transportation policy.","Fuller Park has moderate access to public transit, but improvements in transit services could significantly benefit residents. Many residents rely on public transit due to lower car ownership rates.","Considering the limited disposable income and the need for affordable transportation, policies with lower transit fares and minimal sales tax increases are preferred. A modest driver fee could be acceptable if it significantly improves transit times and services, as many residents rely on public transit. The goal is to balance affordability with improved transit accessibility.","[1, 2, 10, 11, 19]"
Grand Boulevard,"Grand Boulevard has a relatively lower average disposable income compared to other areas in Chicago. This means that residents are more sensitive to increases in costs, whether through transit fares, sales taxes, or driving fees.","Given the lower disposable income, discretionary consumption is limited. Residents prioritize essential goods and services, so any increase in transportation costs could significantly impact their budget for other necessities.","Grand Boulevard has moderate access to public transit, but improvements in transit services could greatly benefit the community by reducing travel times and increasing reliability. However, the community also has a significant number of car users, so driving fees need to be carefully considered.","The community would benefit from lower transit fares to make public transportation more affordable. A moderate sales tax is acceptable if it significantly improves transit services, but it should not be too high to avoid burdening residents. Driving fees should be minimal to avoid disproportionately affecting car users. Therefore, proposals with lower fares, moderate sales taxes, and minimal driving fees are prioritized. Proposals that significantly reduce travel times for both transit and driving are also favored.","[1, 4, 10, 13, 19]"
Kenwood,"Kenwood is a diverse community with a mix of income levels, but generally has a moderate to high disposable income due to its proximity to the University of Chicago and other affluent neighborhoods.","Residents in Kenwood have a moderate level of discretionary consumption, with spending on education, dining, and cultural activities being significant.","Kenwood has good access to public transportation, including buses and nearby train stations, but also has a significant number of residents who drive. The community values efficient and reliable transit options.","Given Kenwood's moderate to high disposable income, the community can handle a slight increase in sales tax if it significantly improves transit services. Lower transit fares are preferred to encourage public transportation use, but a moderate fare is acceptable if it results in better service. A moderate driver fee is also acceptable to reduce congestion and emissions, as long as it leads to improved transit times. Therefore, policies with a balance of moderate tax, fare, and driver fee that improve transit times are prioritized.","[10, 13, 14, 19, 22]"
Washington Park,"Washington Park is a community with relatively low disposable income, meaning residents are sensitive to increases in costs related to transportation, taxes, and fees.","Given the lower disposable income, discretionary consumption is limited. Residents prioritize essential expenses, so any increase in transportation costs could significantly impact their budget.","Washington Park has moderate access to public transit, but improvements in transit times could enhance accessibility. Many residents rely on public transit, so lower fares and improved services are beneficial.","Considering the low disposable income and limited discretionary consumption, policies with lower transit fares and minimal increases in sales tax and driving fees are preferred. These policies should also aim to improve transit times to enhance accessibility. Therefore, proposals with a $0.75 fare and a 0.5% or 1.0% sales tax, combined with a $0.5 driving fee, are prioritized as they balance affordability and improved transit service.","[1, 2, 10, 11, 19, 20]"
Hyde Park,"Hyde Park is a diverse community with a mix of students, professionals, and long-term residents. The disposable income varies, but there is a significant portion of the population with moderate to high disposable income due to the presence of the University of Chicago and other institutions.","The community has a relatively high level of discretionary consumption, with residents spending on education, dining, cultural activities, and housing. The presence of students and professionals means that there is a focus on affordable living costs.","Hyde Park has good access to public transportation, including buses and Metra trains, which connect residents to downtown Chicago and other areas. Car ownership is moderate, and many residents rely on public transit for commuting.","Given the community's reliance on public transportation and the need to balance costs, proposals with lower transit fares and moderate driver fees are preferred. A lower sales tax is also favorable to maintain discretionary spending. Proposals that improve transit times without significantly increasing costs are prioritized. The community would benefit from reduced congestion and improved transit services, so a moderate driver fee is acceptable if it leads to better transit options.","[1, 2, 4, 5, 10]"
Woodlawn,"Woodlawn has a relatively lower average disposable income compared to other areas in Chicago. This means that residents are more sensitive to increases in costs, whether through transit fares, sales taxes, or driving fees.","Given the lower disposable income, discretionary consumption is limited. Residents prioritize essential goods and services, so any increase in transportation costs could significantly impact their budget.","Woodlawn has moderate access to public transit, but improvements in transit services could greatly benefit the community by reducing travel times and increasing accessibility to jobs and services.","Considering the lower disposable income and limited discretionary consumption, policies with lower transit fares and minimal sales tax increases are preferred. However, improving transit times is also crucial for accessibility. Therefore, policies that balance lower costs with improved transit times are prioritized. A moderate driving fee is acceptable if it significantly reduces car travel time and improves transit services, as many residents rely on public transit.","[1, 2, 10, 11, 19]"
South Shore,"South Shore has a moderate to low average disposable income, with many residents relying on public transportation for commuting. The community is sensitive to increases in costs that could impact their overall budget for essential and discretionary spending.","The community's discretionary consumption is limited, with a significant portion of income allocated to essential expenses. Any increase in transportation costs could reduce the ability to spend on non-essential goods and services.","South Shore has decent access to public transportation, but improvements in transit times and reliability could significantly benefit the community. Many residents depend on public transit, so policies that enhance transit services without significantly increasing costs are preferred.","Given the community's reliance on public transit and sensitivity to cost increases, policies with lower fares and moderate taxes are preferred. A balance between improving transit services and maintaining affordability is crucial. Policies with higher driver fees are acceptable if they lead to reduced congestion and improved transit times, benefiting the majority of residents who use public transit.","[1, 2, 10, 11, 19, 20]"
Chatham,"Chatham is a middle-income community with a significant portion of residents relying on fixed incomes, such as pensions and social security. The community is sensitive to changes in disposable income due to limited financial flexibility.","Residents in Chatham prioritize essential spending on housing, food, and healthcare, with limited discretionary spending. Any increase in transportation costs could significantly impact their ability to afford other necessities.","Chatham has moderate access to public transit, with many residents relying on it for commuting. However, transit times are relatively long, and improvements in transit efficiency could benefit the community. Car ownership is moderate, and driving is a common mode of transportation for those who can afford it.","Given the community's sensitivity to income changes, policies with lower fares and taxes are preferred to minimize financial strain. However, improving transit efficiency is also important to reduce travel times. Therefore, policies with moderate driver fees that encourage a shift from driving to transit, reducing congestion and emissions, are favorable. Balancing these factors, policies with a 0.5% or 1.0% tax, lower fares, and moderate driver fees are prioritized to enhance transit services without significantly impacting disposable income.","[1, 2, 4, 5, 10, 11, 13, 14]"
Avalon Park,"Avalon Park is a middle-income community with a moderate level of disposable income. Residents are sensitive to changes in transportation costs, as these can impact their overall budget for essential and discretionary spending.","The community has a balanced level of discretionary consumption, with residents spending on a mix of necessities and leisure activities. Any increase in transportation costs could reduce their ability to spend on non-essential goods and services.","Avalon Park has moderate accessibility to resources and services. Public transit is a crucial mode of transportation for many residents, but driving is also common. Improvements in transit services could benefit the community, but not at the expense of significantly higher costs.","Given the community's moderate disposable income and balanced discretionary consumption, policies that maintain or slightly reduce transit fares while keeping taxes and driving fees reasonable are preferred. The community would benefit from improved transit services, but not at the cost of significantly higher taxes or driving fees. Therefore, proposals with lower fares and moderate taxes and fees are prioritized to ensure affordability and accessibility.","[1, 2, 4, 5, 10, 11, 13, 14, 19, 20, 22, 23]"
South Chicago,"South Chicago has a relatively lower median household income compared to the city average, which means residents have less disposable income to spend on transportation costs.","Given the lower income levels, discretionary spending is limited, and residents are likely to prioritize essential goods and services over higher transportation costs.","South Chicago has moderate access to public transit, but improvements in transit services could significantly benefit the community by reducing travel times and increasing accessibility to jobs and services.","Considering the lower disposable income and limited discretionary spending, policies with lower transit fares and moderate driver fees are preferred to minimize the financial burden on residents. A lower sales tax is also favored to avoid reducing disposable income further. However, improving transit times is crucial, so a balance between cost and service improvement is necessary. Policies that offer reduced travel times without significantly increasing costs are prioritized.","[1, 2, 10, 11, 19]"
Burnside,"Burnside is a lower-income community area, with many residents having limited disposable income. This means that any increase in costs, whether through transit fares, sales taxes, or driving fees, could significantly impact their financial situation.","Given the limited disposable income, discretionary consumption is likely to be low. Residents prioritize essential expenses, and any additional costs from transportation policies could reduce their ability to spend on non-essential goods and services.","Burnside has moderate access to public transit, but improvements in transit services could benefit the community by reducing travel times and increasing reliability. However, many residents may still rely on driving due to the current transit limitations.","Considering the financial constraints of Burnside residents, policies with lower transit fares and minimal sales tax increases are preferable. Additionally, moderate driving fees could be acceptable if they lead to significant improvements in transit services, as this could encourage a shift from driving to transit, reducing congestion and emissions. The goal is to balance affordability with improved accessibility and service quality.","[1, 2, 10, 11, 19]"
Calumet Heights,"Calumet Heights is a middle-income community with a moderate level of disposable income. Residents are sensitive to changes in transportation costs, as these can impact their overall budget for other essential and discretionary expenses.","The community has a balanced level of discretionary consumption, with residents spending on a mix of necessities and non-essential goods. Any increase in transportation costs could reduce their ability to spend on discretionary items.","Calumet Heights has moderate accessibility to resources and services. Public transit is a crucial mode of transportation for many residents, but driving is also common. Improvements in transit services could benefit the community, but not at the expense of significantly higher costs.","Given the community's moderate disposable income and balanced discretionary consumption, policies that maintain or slightly reduce transit fares while keeping taxes and driving fees low are preferred. This approach ensures that residents can continue to afford essential and discretionary goods while benefiting from improved transit services. Policies with a 0.5% sales tax and lower transit fares are prioritized, as they offer a balance between cost and service improvement. Driving fees are considered acceptable if they lead to significant reductions in travel time, benefiting both drivers and transit users.","[0, 1, 3, 4, 9, 10, 12, 13]"
Roseland,Roseland is a community with a relatively lower median household income compared to the city average. This means that residents have less disposable income to spend on transportation and other services.,"Given the lower income levels, discretionary spending is limited. Residents are likely to prioritize essential goods and services, making affordability a key consideration in transportation policy.","Roseland has moderate access to public transit, but improvements in transit service could significantly benefit the community by reducing travel times and increasing access to employment and services.","Given the lower disposable income and limited discretionary spending, policies with lower transit fares and minimal increases in sales tax are preferred to minimize financial burden. However, improving transit accessibility is also important, so some increase in driver fees is acceptable if it leads to better transit services and reduced travel times. Policies with a $0.75 fare and a 0.5% or 1.0% sales tax, combined with a $0.50 driver fee, strike a balance between affordability and improved transit service.","[1, 2, 10, 11, 19, 20]"
Pullman,"Pullman is a community with moderate to low disposable income levels. Many residents may be sensitive to increases in costs related to transportation, such as higher fares or driver fees.","Given the moderate to low disposable income, discretionary consumption is likely limited. Residents may prioritize essential goods and services over discretionary spending.","Pullman has moderate access to public transit, but improvements in transit times could significantly benefit residents who rely on public transportation for commuting and accessing services.","Considering Pullman's moderate to low disposable income, policies with lower transit fares and moderate driver fees are preferred to minimize financial burden. A moderate sales tax is acceptable if it significantly improves transit services, as many residents rely on public transportation. Policies that reduce transit times are prioritized to enhance accessibility and convenience for residents. Therefore, proposals with a balance of lower fares, moderate driver fees, and reasonable sales tax rates that improve transit times are favored.","[1, 2, 4, 5, 10, 11, 13, 14, 19, 20, 22, 23]"
South Deering,"South Deering is a lower-income community with limited disposable income. Residents are sensitive to increases in costs, whether through fares, fees, or taxes.","Given the limited disposable income, discretionary consumption is low. Residents prioritize essential goods and services, so any increase in transportation costs could significantly impact their budget.","South Deering has limited access to public transit options, making it crucial to improve transit services without significantly increasing costs. Many residents rely on driving due to the lack of efficient public transit.","The community needs to balance between improving transit services and keeping costs low. Lower fares and taxes are preferred to minimize the financial burden on residents. However, some increase in driver fees could be acceptable if it leads to significant improvements in transit times and services, encouraging a shift from driving to transit. Proposals with a 0.5% tax and $0.75 fare are favored, as they offer a balance between cost and service improvement. Driver fees are considered if they lead to reduced congestion and better transit times.","[0, 1, 9, 10, 18]"
East Side,"The East Side community area has a moderate to low disposable income, with many residents working in blue-collar jobs. This means that any increase in costs, whether through transit fares, sales taxes, or driving fees, could significantly impact their budget.","Given the moderate to low disposable income, discretionary consumption is limited. Residents prioritize essential goods and services, so any policy that increases their cost of living could reduce their ability to spend on non-essential items.","The East Side has moderate accessibility to resources and services. Public transit is a crucial mode of transportation for many residents, but driving is also common. Policies that improve transit times without significantly increasing costs would be beneficial.","Considering the community's moderate to low disposable income and limited discretionary consumption, policies with lower transit fares and minimal sales tax increases are preferred. Additionally, reducing travel times for both transit and driving is important. Therefore, policies that balance lower costs with improved transit times are prioritized. A moderate driving fee is acceptable if it significantly reduces travel times, as this could encourage a shift from driving to transit, reducing congestion and emissions.","[1, 2, 10, 11, 19]"
West Pullman,"West Pullman is a community with a relatively lower median household income compared to the city average. This means that residents have less disposable income, making them sensitive to increases in costs such as transit fares, sales taxes, and driving fees.","Given the lower disposable income, discretionary consumption is limited. Residents prioritize essential expenses, so any increase in transportation costs could significantly impact their ability to spend on other necessities.","West Pullman has moderate access to public transit, but travel times are relatively long. Improving transit times could benefit residents, but affordability remains a key concern. Many residents rely on driving, so driver fees could also impact them significantly.","The community would benefit from policies that lower transit fares and maintain or slightly increase driver fees to improve transit services without significantly impacting disposable income. A lower sales tax is preferred to minimize the impact on discretionary consumption. Therefore, policies with a $0.75 transit fare, a 0.5% sales tax, and a $0.50 or $1.00 driver fee are prioritized, as they offer improved transit times and services while keeping costs manageable for residents.","[1, 2, 10, 11, 19, 20]"
Riverdale,"Riverdale is one of the lower-income areas in Chicago, with a significant portion of the population living below the poverty line. Disposable income is limited, making affordability a key concern.","Given the limited disposable income, discretionary consumption is low. Residents prioritize essential goods and services, and any increase in transportation costs could significantly impact their budget.","Riverdale has limited access to resources and services, with public transit being a crucial mode of transportation for many residents. Improving transit accessibility and reducing travel times are important for the community.","Considering Riverdale's low disposable income and reliance on public transit, policies with lower transit fares and minimal sales tax increases are preferred. A modest driver fee could be acceptable if it significantly improves transit times, as many residents rely on public transit. The goal is to balance affordability with improved transit service, without imposing a heavy financial burden on residents.","[1, 2, 10, 11, 19, 20]"
Hegewisch,"Hegewisch is a working-class neighborhood with moderate disposable income levels. Residents are sensitive to increases in costs, whether through taxes, fares, or fees.","The community has limited discretionary consumption, with a focus on essential goods and services. Any increase in transportation costs could significantly impact their budget for other necessities.","Hegewisch has limited public transit options, making car travel a necessity for many residents. Improving transit times could benefit those who rely on public transportation, but not at the expense of significantly higher costs.","Given the moderate income levels and limited discretionary spending, policies with lower fares and taxes are preferred to minimize financial strain. However, improving transit times is also important. Therefore, policies that balance lower costs with improved transit times are prioritized. A moderate increase in driver fees is acceptable if it significantly reduces car travel time, as this could benefit those who drive. The focus is on maintaining affordability while enhancing transit efficiency.","[1, 2, 10, 11, 19]"
Garfield Ridge,"Garfield Ridge is a middle-income community with a moderate level of disposable income. Residents are sensitive to changes in transportation costs, as these can impact their overall budget for other essential and discretionary expenses.","The community has a balanced level of discretionary consumption, with residents spending on a mix of necessities and leisure activities. Any increase in transportation costs could reduce their ability to spend on non-essential goods and services.","Garfield Ridge has moderate accessibility to resources and services. Public transit options are available but not as extensive as in more central areas. Many residents rely on driving for daily commutes, so policies that significantly increase driving costs could be burdensome.","Given the community's moderate disposable income and reliance on both driving and transit, policies that maintain or slightly reduce transit fares while not excessively increasing driving fees are preferred. A lower sales tax is also favorable to avoid reducing disposable income significantly. Therefore, policies with a 0.5% sales tax, lower transit fares, and moderate driving fees are prioritized. These options balance the need for improved transit services with the community's financial constraints and transportation habits.","[1, 2, 4, 5, 10, 11, 13, 14, 19, 20, 22, 23]"
Archer Heights,"Archer Heights is a middle-income community with a moderate level of disposable income. Residents are sensitive to changes in transportation costs, as these can impact their overall budget for essential and discretionary spending.","The community has a balanced level of discretionary consumption, with residents spending on a mix of necessities and non-essential goods. Any increase in transportation costs could reduce their ability to spend on other goods and services.","Archer Heights has moderate accessibility to resources and services. Public transit is a viable option for many residents, but driving is also common. Reducing travel time and improving transit services would benefit the community.","Given the community's moderate disposable income and balanced discretionary consumption, policies that minimize additional financial burdens while improving transit services are preferred. Lower transit fares and moderate driver fees are favorable, as they encourage transit use without significantly impacting budgets. A moderate sales tax is acceptable if it leads to better transit services. Policies that reduce travel time for both transit and driving are prioritized to improve accessibility.","[1, 4, 10, 13, 19]"
Brighton Park,"Brighton Park is a working-class neighborhood with a moderate to low average disposable income. Many residents rely on public transportation for commuting, and any increase in costs could significantly impact their budget.","Residents in Brighton Park have limited discretionary income, meaning that increases in transportation costs could reduce their ability to spend on other essential goods and services.","Brighton Park has moderate access to public transportation, with many residents depending on it for daily commuting. Improving transit times and maintaining affordable fares are crucial for the community.","Given the moderate to low disposable income and limited discretionary consumption, policies with lower transit fares and minimal increases in sales tax and driving fees are preferred. The community would benefit from improved transit times, but not at the expense of significantly higher costs. Therefore, policies that balance improved transit times with affordable costs are prioritized.","[1, 2, 10, 11, 19, 20]"
McKinley Park,"McKinley Park is a middle-income community with a moderate level of disposable income. Residents are sensitive to changes in transportation costs, as these can impact their overall budget for other essential and discretionary expenses.","The community has a balanced level of discretionary consumption, with residents spending on a mix of necessities and leisure activities. Any increase in transportation costs could reduce their ability to spend on non-essential goods and services.","McKinley Park has decent access to public transit, but improvements in transit times and reliability could benefit the community. Many residents rely on both public transit and driving, so policies that improve transit without significantly increasing costs are preferred.","Given the community's moderate disposable income and balanced discretionary consumption, policies that maintain or reduce transit fares while slightly increasing driver fees could be beneficial. This would encourage a shift from driving to transit, reducing congestion and emissions, while keeping costs manageable for residents. A moderate sales tax is acceptable if it leads to better transit services. Therefore, policies with lower transit fares and moderate driver fees, combined with a reasonable sales tax, are prioritized.","[1, 2, 10, 11, 19, 20]"
Bridgeport,"Bridgeport is a diverse community with a mix of income levels, but generally has a moderate disposable income. Residents are sensitive to increases in costs, whether through taxes, fares, or fees.","The community has a moderate level of discretionary consumption. Residents prioritize essential goods and services, and any increase in transportation costs could impact their ability to spend on non-essential items.","Bridgeport has decent access to public transit, with several bus lines and proximity to the CTA Red Line. However, driving is also common, and many residents rely on both modes of transportation.","Given the moderate disposable income and discretionary consumption, policies with lower fares and taxes are preferred to minimize financial strain. However, improving transit times is also important to enhance accessibility. Therefore, policies that balance lower costs with improved transit times are prioritized. A moderate driver fee is acceptable if it significantly reduces car travel time and improves transit service, as this could encourage a shift to public transit, reducing congestion and emissions.","[1, 2, 10, 11, 19]"
New City,"New City is a working-class neighborhood with a moderate to low average disposable income. Residents are sensitive to increases in costs, whether through taxes, fares, or fees.","Given the moderate to low disposable income, discretionary consumption is limited. Residents prioritize essential goods and services, and any increase in transportation costs could significantly impact their budget.","New City has moderate access to public transit, but many residents rely on driving due to the need to reach jobs and services not easily accessible by transit. Reducing travel time and costs is crucial for improving accessibility.","The community's interest is best served by policies that minimize costs while improving transit service and reducing travel times. Lower fares and moderate driver fees can encourage transit use without overly burdening drivers. A lower sales tax is preferred to avoid reducing disposable income further. Therefore, policies with a 0.5% sales tax, lower fares, and moderate driver fees are prioritized. These options balance the need for improved transit services with the community's financial constraints.","[1, 2, 4, 5, 7, 8, 10, 11, 13, 14, 16, 17, 19, 20, 22, 23, 25, 26]"
West Elsdon,"West Elsdon is a middle-income community with a moderate level of disposable income. Residents are sensitive to changes in transportation costs, as these can impact their overall budget for essential and discretionary spending.","The community has a balanced level of discretionary consumption, with residents spending on a mix of necessities and non-essential goods. Any increase in transportation costs could reduce their ability to spend on other goods and services.","West Elsdon has moderate accessibility to resources and services. Public transit is a crucial mode of transportation for many residents, but driving is also common. Reducing travel times and improving transit services are important for the community.","Given the community's moderate disposable income and balanced discretionary consumption, policies that maintain or reduce transit fares and driving fees are preferred to minimize financial strain. A lower sales tax is also favored to preserve disposable income. Improving transit times is important, but not at the expense of significantly higher costs. Therefore, proposals with lower fares and fees, and moderate tax rates, that also offer improved transit times, are prioritized.","[1, 2, 10, 11, 19]"
Gage Park,"Gage Park is a working-class neighborhood with a median household income lower than the city average. Residents are likely to be sensitive to increases in costs, whether through transit fares, sales taxes, or driving fees.","Given the lower disposable income, discretionary spending is limited. Any increase in transportation costs could significantly impact the ability of residents to spend on other essential goods and services.","Gage Park has moderate access to public transit, but many residents rely on cars for commuting. Improving transit times could benefit those who rely on public transportation, but increased costs could be burdensome.","The goal is to balance affordability with improved transit services. Lower fares and moderate driving fees are preferred to encourage transit use without overly burdening drivers. A lower sales tax is also preferred to minimize the impact on discretionary spending. Therefore, proposals with a $0.75 fare, moderate driving fees, and a 0.5% or 1.0% sales tax are prioritized. These options offer improved transit times without significantly increasing costs for residents.","[1, 2, 10, 11, 19, 20]"
Clearing,"Clearing is a middle-income community with a moderate level of disposable income. Residents are sensitive to changes in costs related to transportation, as it can impact their overall budget for other essential and discretionary expenses.","The community has a balanced level of discretionary consumption, with residents spending on a mix of necessities and leisure activities. Any increase in transportation costs could reduce their ability to spend on non-essential goods and services.",Clearing has moderate accessibility to resources and services. Public transit options are available but not as extensive as in more central areas. Many residents rely on driving for convenience and time efficiency.,"Given the community's moderate disposable income and reliance on both driving and transit, policies that maintain or slightly reduce transit fares while not significantly increasing driving fees are preferred. A lower sales tax is also favorable to avoid impacting discretionary spending. Therefore, proposals with a $0.75 transit fare, a 0.5% sales tax, and a $0.50 driving fee are prioritized, as they offer a balance between cost savings and improved transit service. Proposals with a $1.25 fare and a 1.0% tax are also considered if they offer significant reductions in travel time.","[1, 2, 4, 5, 10, 11, 13, 14]"
West Lawn,"West Lawn is a middle-income community with a moderate level of disposable income. Residents are sensitive to changes in transportation costs, as these can impact their overall budget for essential and discretionary spending.","The community has a balanced level of discretionary consumption, with residents spending on a mix of essential goods and services, as well as leisure and non-essential items. Any increase in transportation costs could reduce their ability to spend on non-essential items.","West Lawn has moderate accessibility to resources and services. Public transit is a viable option for many residents, but driving is also common. Reducing travel time and improving transit services would benefit the community, but not at the expense of significantly higher costs.","Given the community's moderate disposable income and balanced discretionary consumption, policies that maintain or slightly reduce transit fares while keeping taxes and driving fees low are preferred. This would ensure that residents can continue to afford essential and discretionary spending. Additionally, policies that improve transit times without significantly increasing costs are favorable. Therefore, proposals with lower fares and moderate taxes and fees are prioritized, as they balance cost with improved transit service and reduced travel times.","[1, 2, 10, 11, 19]"
Chicago Lawn,"Chicago Lawn is a community with moderate to low disposable income levels. Many residents may be sensitive to increases in transportation costs, whether through fares, fees, or taxes.","Given the moderate to low income levels, discretionary spending is likely limited. Residents may prioritize essential goods and services over additional transportation costs.","Chicago Lawn has access to public transit, but travel times are relatively long. Improving transit efficiency and reducing travel times could significantly benefit residents who rely on public transportation.","The community would benefit from policies that improve transit efficiency and reduce travel times without significantly increasing costs. Lower fares and moderate driver fees could encourage more transit use, reducing congestion and emissions. A lower sales tax would minimize the impact on discretionary spending. Therefore, policies with lower fares and moderate driver fees, combined with a lower sales tax, are preferred.","[1, 2, 4, 5, 10, 11, 13, 14, 19, 20, 22, 23]"
West Englewood,West Englewood is a lower-income community with limited disposable income. Many residents rely on public transportation due to the high cost of car ownership.,"Given the limited disposable income, discretionary consumption is low. Residents prioritize essential goods and services, making any additional costs from transportation policies significant.",Public transportation is a crucial mode of transport for West Englewood residents. Improving transit times and maintaining low fares are important for accessibility to jobs and services.,"The community would benefit from policies that lower transit fares and improve transit times without significantly increasing costs. A lower sales tax is preferred to minimize the impact on discretionary spending. Driver fees are acceptable if they lead to better transit services and reduced congestion. Therefore, policies with a $0.75 fare, lower sales tax, and moderate driver fees are prioritized to balance cost and service improvements.","[1, 2, 10, 11, 19, 20]"
Englewood,"Englewood is a community with relatively low disposable income, with many residents living below the poverty line. This means that any increase in costs, whether through transit fares, driver fees, or sales taxes, could significantly impact residents' financial stability.","Given the low disposable income, discretionary consumption is limited. Residents prioritize essential goods and services, and any additional financial burden could reduce their ability to afford necessities.","Englewood has limited access to resources and services, with many residents relying on public transit for commuting and accessing essential services. Improving transit services could enhance accessibility, but affordability remains a critical concern.","Considering Englewood's low disposable income and limited discretionary consumption, policies with lower transit fares and minimal sales tax increases are preferred to minimize financial strain on residents. Additionally, reducing travel times for both transit and driving is beneficial, but not at the expense of significantly higher costs. Therefore, policies with a balance of lower fares, moderate driver fees to reduce congestion, and minimal tax increases are prioritized.","[1, 2, 10, 11, 19, 20]"
Greater Grand Crossing,"Greater Grand Crossing has a relatively low to moderate disposable income level, which means residents are sensitive to increases in costs related to transportation, such as fares and fees.","Given the income levels, discretionary consumption is limited, so any increase in transportation costs could significantly impact the ability of residents to spend on other essential goods and services.","The community relies heavily on public transit due to lower car ownership rates. Therefore, maintaining affordable and efficient transit options is crucial for accessibility to jobs, education, and other services.","The community needs to balance between affordable transit fares and reasonable sales tax rates to ensure that public transit remains accessible without overly burdening residents with high costs. Lower fares and moderate sales tax rates are preferred to maintain affordability. Driver fees can be considered to reduce congestion and improve transit times, but they should not be too high to avoid excessive costs for those who need to drive. Proposals with lower fares and moderate driver fees are prioritized to enhance transit service without significantly impacting disposable income.","[1, 2, 4, 5, 10, 11, 13, 14, 19, 20, 22, 23]"
Ashburn,"Ashburn is a middle-income community with a moderate level of disposable income. Residents are sensitive to changes in transportation costs, as these can impact their overall budget for essential and discretionary spending.","The community has a balanced level of discretionary consumption, with residents spending on a mix of necessities and non-essential goods. Any increase in transportation costs could reduce their ability to spend on other goods and services.","Ashburn has moderate accessibility to resources and services. Public transit is a viable option for many residents, but driving is also common. Reducing travel time and improving transit services would benefit the community.","Given the community's moderate disposable income and balanced discretionary consumption, policies with lower transit fares and moderate driver fees are preferred to minimize the financial burden on residents. A moderate sales tax is acceptable if it significantly improves transit services. Reducing travel time for both transit and driving is a priority to enhance accessibility. Therefore, policies that offer a good balance between cost and improved transit services, while not overly increasing the financial burden, are prioritized.","[1, 4, 10, 13, 19]"
Auburn Gresham,"Auburn Gresham has a moderate to low average disposable income, which means residents are sensitive to increases in costs related to transportation, taxes, and fees.","Given the moderate to low disposable income, discretionary consumption is limited. Residents prioritize essential expenses, so any increase in transportation costs could significantly impact their budget.","Auburn Gresham has moderate access to public transit, but improvements in transit times could enhance accessibility. Many residents rely on public transit, so lower fares and improved services are beneficial.","The community would benefit from policies that lower transit fares and improve transit times without significantly increasing taxes or driving fees. Lower fares would make transit more affordable, and improved transit times would enhance accessibility. A moderate sales tax is acceptable if it leads to better transit services, but high driving fees could be burdensome for those who rely on cars. Therefore, policies with lower fares, moderate sales tax, and minimal driving fees are prioritized.","[1, 2, 10, 11, 19, 20]"
Beverly,Beverly is a middle to upper-middle-class neighborhood with relatively high disposable income compared to other areas in Chicago. Residents can afford moderate increases in transportation costs but would prefer to maintain a balance to ensure discretionary spending is not heavily impacted.,"Residents in Beverly have a moderate to high level of discretionary consumption, spending on dining, entertainment, and other non-essential goods and services. They would prefer policies that do not significantly reduce their ability to spend on these activities.","Beverly has decent access to public transportation, with Metra services being a primary mode for commuters. However, many residents also rely on personal vehicles. Policies that improve transit times and reduce congestion would be beneficial, but not at the expense of significantly higher costs.","Given Beverly's relatively high disposable income and discretionary consumption, policies with moderate fare and tax increases are acceptable if they lead to significant improvements in transit times and reduced congestion. A balance between maintaining affordable transit fares and reasonable driving fees is crucial. Policies with a 1% sales tax and moderate driving fees are preferred as they provide a balance between cost and improved service. High sales taxes (1.5%) are less favorable due to their impact on discretionary spending.","[10, 11, 13, 14, 19, 20, 22, 23]"
Washington Heights,"Washington Heights has a moderate to low average disposable income, which means residents are sensitive to increases in costs related to transportation, such as higher fares or driver fees.","Given the moderate to low disposable income, discretionary consumption is limited. Residents prioritize essential spending, so any increase in transportation costs could significantly impact their budget for other necessities.","Washington Heights has moderate access to public transit, but improvements in transit times could significantly benefit the community. Many residents rely on public transit, so policies that improve transit efficiency without significantly increasing costs are preferred.","The community would benefit from policies that improve transit times and reduce congestion without imposing high costs on residents. Lower fares and moderate driver fees could encourage a shift from driving to transit, reducing congestion and emissions. A lower sales tax is preferred to minimize the impact on disposable income. Therefore, policies with a 0.5% sales tax, lower fares, and moderate driver fees are prioritized.","[1, 2, 4, 5, 10, 11, 13, 14, 19, 20, 22, 23]"
Mount Greenwood,"Mount Greenwood is a middle-class community with a relatively stable disposable income. Residents have a moderate level of financial flexibility, but significant increases in costs could impact their budget.","The community has a balanced discretionary consumption pattern, with spending on essentials and some leisure activities. Residents are likely to be sensitive to changes in transportation costs that could affect their overall spending power.",Mount Greenwood has moderate accessibility to resources and services. Public transit options are available but not as extensive as in more central areas. Many residents rely on driving for convenience and time efficiency.,"Given the community's moderate disposable income and reliance on both driving and transit, policies that balance cost and travel time improvements are preferred. Lower transit fares and moderate driver fees could encourage transit use without significantly impacting budgets. A moderate sales tax is acceptable if it leads to better transit services. Policies with high costs or minimal time savings are less favorable.","[1, 4, 10, 13, 19]"
Morgan Park,"Morgan Park is a middle-income community with a moderate level of disposable income. Residents are sensitive to changes in transportation costs, but they can accommodate slight increases if it leads to better services.","The community has a balanced discretionary consumption pattern, with residents spending on essentials and some non-essential goods. They are likely to be cautious about policies that significantly reduce their disposable income.","Morgan Park has moderate accessibility to resources and services. Public transit is a crucial mode of transportation for many residents, but driving is also common. Improvements in transit services could benefit the community, especially if they reduce travel times.","Given the community's moderate income and reliance on both transit and driving, policies that balance costs and benefits are preferred. Lower transit fares and moderate driver fees can encourage transit use without overly burdening drivers. A moderate sales tax is acceptable if it significantly improves transit services. Policies that reduce travel times for both transit and driving are prioritized, as they enhance accessibility and quality of life.","[1, 2, 10, 11, 19]"
O'Hare,"O'Hare is a relatively affluent area with a higher median income compared to other Chicago neighborhoods. Residents generally have more disposable income, which allows for some flexibility in absorbing additional costs from taxes or fees.","Given the higher income levels, residents in O'Hare likely have a higher level of discretionary consumption. They may prioritize convenience and time savings over cost savings, but still value cost-effective solutions.","O'Hare has good accessibility to resources and services, with a major airport and several transit options. However, the area is car-dependent, and reducing driving times could be beneficial. Improved transit services could also enhance accessibility for those who rely on public transportation.","Considering the higher disposable income and discretionary consumption, O'Hare residents might be willing to accept a moderate increase in sales tax and driving fees if it results in significant improvements in transit times and services. Proposals that reduce car travel time and improve transit efficiency without drastically increasing costs are preferred. A balance between maintaining reasonable costs and improving service quality is crucial.","[1, 2, 4, 5, 10, 11, 13, 14, 19, 20, 22, 23]"
Edgewater,"Edgewater is a diverse community with a mix of income levels. While some residents have higher disposable incomes, there is a significant portion of the population with moderate to low incomes. Therefore, policies that increase costs significantly could disproportionately affect lower-income residents.","Residents in Edgewater have varied discretionary spending habits, with some prioritizing housing and essentials, while others may have more flexibility for leisure and non-essential goods. Policies that increase transportation costs could reduce discretionary spending for lower-income residents.","Edgewater has good access to public transit, with several CTA bus and train lines serving the area. However, travel times by transit are longer compared to driving. Improving transit efficiency and reducing travel times could benefit the community, especially those who rely on public transportation.","Given the diverse income levels in Edgewater, policies that maintain or reduce transit fares while improving service are preferred. A moderate sales tax increase could be acceptable if it significantly improves transit service. Driver fees could be supported if they lead to reduced congestion and better transit options. The goal is to balance affordability with improved accessibility and service quality.","[1, 2, 10, 11, 19]"
